dt [s],Time [s],Ctot,Ctot,Ctot,Ctot,Ctot,Ctot,Ctot,Ctot,Ctot,Ctot,Ctot,Ctot,Ctot,Ctot,Ctot,Ctot,Ctot,Ctot,Ctot,Ctot,Ctot,Ctot,Ctot,Ctot,Ctot,Ctot,Ctot,Ctot,Ctot,Ctot,Ctot,Ctot,Ctot,Ctot,Ctot,Ctot,Ctot,Ctot,Ctot,Ctot,Ctot,Ctot,Ctot,Ctot,Ctot,Ctot,Ctot,Ctot,Ctot,Ctot,Ctot,Ctot,Ctot,Ctot,Ctot,Ctot,Ctot,Ctot,Ctot,Ctot,,Css,Css,Css,Css,Css,Css,Css,Css,Css,Css,Css,Css,Css,Css,Css,Css,Css,Css,Css,Css,Css,Css,Css,Css,Css,Css,Css,Css,Css,Css,Css,Css,Css,Css,Css,Css,Css,Css,Css,Css,Css,Css,Css,Css,Css,Css,Css,Css,Css,Css,Css,Css,Css,Css,Css,Css,Css,Css,Css,Css,,Cprec,Cprec,Cprec,Cprec,Cprec,Cprec,Cprec,Cprec,Cprec,Cprec,Cprec,Cprec,Cprec,Cprec,Cprec,Cprec,Cprec,Cprec,Cprec,Cprec,Cprec,Cprec,Cprec,Cprec,Cprec,Cprec,Cprec,Cprec,Cprec,Cprec,Cprec,Cprec,Cprec,Cprec,Cprec,Cprec,Cprec,Cprec,Cprec,Cprec,Cprec,Cprec,Cprec,Cprec,Cprec,Cprec,Cprec,Cprec,Cprec,Cprec,Cprec,Cprec,Cprec,Cprec,Cprec,Cprec,Cprec,Cprec,Cprec,Cprec,,TSSd,TSSd,TSSd,TSSd,TSSd,TSSd,TSSd,TSSd,TSSd,TSSd,TSSd,TSSd,TSSd,TSSd,TSSd,TSSd,TSSd,TSSd,TSSd,TSSd,TSSd,TSSd,TSSd,TSSd,TSSd,TSSd,TSSd,TSSd,TSSd,TSSd,TSSd,TSSd,TSSd,TSSd,TSSd,TSSd,TSSd,TSSd,TSSd,TSSd,TSSd,TSSd,TSSd,TSSd,TSSd,TSSd,TSSd,TSSd,TSSd,TSSd,TSSd,TSSd,TSSd,TSSd,TSSd,TSSd,TSSd,TSSd,TSSd,TSSd,,TSSp,TSSp,TSSp,TSSp,TSSp,TSSp,TSSp,TSSp,TSSp,TSSp,TSSp,TSSp,TSSp,TSSp,TSSp,TSSp,TSSp,TSSp,TSSp,TSSp,TSSp,TSSp,TSSp,TSSp,TSSp,TSSp,TSSp,TSSp,TSSp,TSSp,TSSp,TSSp,TSSp,TSSp,TSSp,TSSp,TSSp,TSSp,TSSp,TSSp,TSSp,TSSp,TSSp,TSSp,TSSp,TSSp,TSSp,TSSp,TSSp,TSSp,TSSp,TSSp,TSSp,TSSp,TSSp,TSSp,TSSp,TSSp,TSSp,TSSp,,
Positions, [cm],0,0.0423729,0.0847458,0.127119,0.169492,0.211864,0.254237,0.29661,0.338983,0.381356,0.423729,0.466102,0.508475,0.550847,0.59322,0.635593,0.677966,0.720339,0.762712,0.805085,0.847458,0.889831,0.932203,0.974576,1.01695,1.05932,1.10169,1.14407,1.18644,1.22881,1.27119,1.31356,1.35593,1.39831,1.44068,1.48305,1.52542,1.5678,1.61017,1.65254,1.69492,1.73729,1.77966,1.82203,1.86441,1.90678,1.94915,1.99153,2.0339,2.07627,2.11864,2.16102,2.20339,2.24576,2.28814,2.33051,2.37288,2.41525,2.45763,2.5,,0,0.0423729,0.0847458,0.127119,0.169492,0.211864,0.254237,0.29661,0.338983,0.381356,0.423729,0.466102,0.508475,0.550847,0.59322,0.635593,0.677966,0.720339,0.762712,0.805085,0.847458,0.889831,0.932203,0.974576,1.01695,1.05932,1.10169,1.14407,1.18644,1.22881,1.27119,1.31356,1.35593,1.39831,1.44068,1.48305,1.52542,1.5678,1.61017,1.65254,1.69492,1.73729,1.77966,1.82203,1.86441,1.90678,1.94915,1.99153,2.0339,2.07627,2.11864,2.16102,2.20339,2.24576,2.28814,2.33051,2.37288,2.41525,2.45763,2.5,,0,0.0423729,0.0847458,0.127119,0.169492,0.211864,0.254237,0.29661,0.338983,0.381356,0.423729,0.466102,0.508475,0.550847,0.59322,0.635593,0.677966,0.720339,0.762712,0.805085,0.847458,0.889831,0.932203,0.974576,1.01695,1.05932,1.10169,1.14407,1.18644,1.22881,1.27119,1.31356,1.35593,1.39831,1.44068,1.48305,1.52542,1.5678,1.61017,1.65254,1.69492,1.73729,1.77966,1.82203,1.86441,1.90678,1.94915,1.99153,2.0339,2.07627,2.11864,2.16102,2.20339,2.24576,2.28814,2.33051,2.37288,2.41525,2.45763,2.5,,0,0.0423729,0.0847458,0.127119,0.169492,0.211864,0.254237,0.29661,0.338983,0.381356,0.423729,0.466102,0.508475,0.550847,0.59322,0.635593,0.677966,0.720339,0.762712,0.805085,0.847458,0.889831,0.932203,0.974576,1.01695,1.05932,1.10169,1.14407,1.18644,1.22881,1.27119,1.31356,1.35593,1.39831,1.44068,1.48305,1.52542,1.5678,1.61017,1.65254,1.69492,1.73729,1.77966,1.82203,1.86441,1.90678,1.94915,1.99153,2.0339,2.07627,2.11864,2.16102,2.20339,2.24576,2.28814,2.33051,2.37288,2.41525,2.45763,2.5,,0,0.0423729,0.0847458,0.127119,0.169492,0.211864,0.254237,0.29661,0.338983,0.381356,0.423729,0.466102,0.508475,0.550847,0.59322,0.635593,0.677966,0.720339,0.762712,0.805085,0.847458,0.889831,0.932203,0.974576,1.01695,1.05932,1.10169,1.14407,1.18644,1.22881,1.27119,1.31356,1.35593,1.39831,1.44068,1.48305,1.52542,1.5678,1.61017,1.65254,1.69492,1.73729,1.77966,1.82203,1.86441,1.90678,1.94915,1.99153,2.0339,2.07627,2.11864,2.16102,2.20339,2.24576,2.28814,2.33051,2.37288,2.41525,2.45763,2.5,,1.60077e-321,0,50,50,50,50,50,50,50,50,50,50,50,50,50,50,50,50,50,50,50,50,50,50,50,50,50,50,50,50,50,50,50,50,50,50,50,50,50,50,50,50,50,50,50,50,50,50,50,50,50,50,50,50,50,50,50,50,50,50,50,50,,50,50,50,50,50,50,50,50,50,50,50,50,50,50,50,50,50,50,50,50,50,50,50,50,50,50,50,50,50,50,50,50,50,50,50,50,50,50,50,50,50,50,50,50,50,50,50,50,50,50,50,50,50,50,50,50,50,50,50,50,,0,0,0,0,0,0,0,0,0,0,0,0,0,0,0,0,0,0,0,0,0,0,0,0,0,0,0,0,0,0,0,0,0,0,0,0,0,0,0,0,0,0,0,0,0,0,0,0,0,0,0,0,0,0,0,0,0,0,0,0,,73.9913,76.4794,79.0274,81.636,84.306,87.0381,89.8332,92.6919,95.615,98.6033,101.657,104.778,107.966,111.223,114.548,117.942,121.407,124.943,128.55,132.23,135.982,139.809,143.71,147.685,151.737,155.865,160.07,164.352,168.713,173.153,177.672,182.272,186.952,191.714,196.557,201.483,206.493,211.586,216.763,222.025,227.373,232.806,238.326,243.933,249.628,255.41,261.281,267.241,273.291,279.43,285.66,291.982,298.394,304.898,311.495,318.184,324.967,331.843,338.813,345.878,,179.407,183.682,188.019,192.418,196.878,201.401,205.985,210.631,215.34,220.111,224.944,229.84,234.798,239.819,244.902,250.048,255.257,260.529,265.863,271.26,276.719,282.241,287.827,293.474,299.185,304.958,310.794,316.692,322.653,328.676,334.762,340.91,347.12,353.393,359.727,366.124,372.583,379.103,385.686,392.33,399.035,405.802,412.63,419.519,426.47,433.481,440.553,447.685,454.878,462.131,469.445,476.818,484.252,491.744,499.297,506.908,514.579,522.309,530.097,537.944,,
1.60077e-321,0,50,50,50,50,50,50,50,50,50,50,50,50,50,50,50,50,50,50,50,50,50,50,50,50,50,50,50,50,50,50,50,50,50,50,50,50,50,50,50,50,50,50,50,50,50,50,50,50,50,50,50,50,50,50,50,50,50,50,50,50,,50,50,50,50,50,50,50,50,50,50,50,50,50,50,50,50,50,50,50,50,50,50,50,50,50,50,50,50,50,50,50,50,50,50,50,50,50,50,50,50,50,50,50,50,50,50,50,50,50,50,50,50,50,50,50,50,50,50,50,50,,0,0,0,0,0,0,0,0,0,0,0,0,0,0,0,0,0,0,0,0,0,0,0,0,0,0,0,0,0,0,0,0,0,0,0,0,0,0,0,0,0,0,0,0,0,0,0,0,0,0,0,0,0,0,0,0,0,0,0,0,,73.9913,76.4794,79.0274,81.636,84.306,87.0381,89.8332,92.6919,95.615,98.6033,101.657,104.778,107.966,111.223,114.548,117.942,121.407,124.943,128.55,132.23,135.982,139.809,143.71,147.685,151.737,155.865,160.07,164.352,168.713,173.153,177.672,182.272,186.952,191.714,196.557,201.483,206.493,211.586,216.763,222.025,227.373,232.806,238.326,243.933,249.628,255.41,261.281,267.241,273.291,279.43,285.66,291.982,298.394,304.898,311.495,318.184,324.967,331.843,338.813,345.878,,179.407,183.682,188.019,192.418,196.878,201.401,205.985,210.631,215.34,220.111,224.944,229.84,234.798,239.819,244.902,250.048,255.257,260.529,265.863,271.26,276.719,282.241,287.827,293.474,299.185,304.958,310.794,316.692,322.653,328.676,334.762,340.91,347.12,353.393,359.727,366.124,372.583,379.103,385.686,392.33,399.035,405.802,412.63,419.519,426.47,433.481,440.553,447.685,454.878,462.131,469.445,476.818,484.252,491.744,499.297,506.908,514.579,522.309,530.097,537.944,,
0.555687,18667.8,54.8291,53.7481,52.9038,52.2584,51.7757,51.4227,51.1704,50.9945,50.8752,50.7971,50.7482,50.7198,50.7054,50.7005,50.7018,50.7074,50.7156,50.7256,50.7367,50.7484,50.7606,50.7729,50.7853,50.7975,50.8095,50.821,50.8317,50.8413,50.8494,50.8555,50.8588,50.8586,50.8539,50.8435,50.8261,50.8003,50.7642,50.7163,50.6544,50.5767,50.481,50.3652,50.2273,50.0653,49.8774,49.6618,49.4171,49.1422,48.836,48.4979,48.1277,47.7254,47.2912,46.826,46.3305,45.8062,45.2544,44.677,44.0757,43.4528,,54.8291,53.7481,52.9038,52.2584,51.7757,51.4227,51.1704,50.9945,50.8752,50.7971,50.7482,50.7198,50.7054,50.7005,50.7018,50.7074,50.7156,50.7256,50.7367,50.7484,50.7606,50.7729,50.7853,50.7975,50.8095,50.821,50.8317,50.8413,50.8494,50.8555,50.8588,50.8586,50.8539,50.8435,50.8261,50.8003,50.7642,50.7163,50.6544,50.5767,50.481,50.3652,50.2273,50.0653,49.8774,49.6618,49.4171,49.1422,48.836,48.4979,48.1277,47.7254,47.2912,46.826,46.3305,45.8062,45.2544,44.677,44.0757,43.4528,,0,0,0,0,0,0,0,0,0,0,0,0,0,0,0,0,0,0,0,0,0,0,0,0,0,0,0,0,0,0,0,0,0,0,0,0,0,0,0,0,0,0,0,0,0,0,0,0,0,0,0,0,0,0,0,0,0,0,0,0,,73.9913,76.4794,79.0274,81.636,84.306,87.0381,89.8332,92.6919,95.615,98.6033,101.657,104.778,107.966,111.223,114.548,117.942,121.407,124.943,128.55,132.23,135.982,139.809,143.71,147.685,151.737,155.865,160.07,164.352,168.713,173.153,177.672,182.272,186.952,191.714,196.557,201.483,206.493,211.586,216.763,222.025,227.373,232.806,238.326,243.933,249.628,255.41,261.281,267.241,273.291,279.43,285.66,291.982,298.394,304.898,311.495,318.184,324.967,331.843,338.813,345.878,,90.2908,93.0553,95.8799,98.7652,101.712,104.721,107.793,110.928,114.127,117.391,120.72,124.115,127.577,131.106,134.703,138.369,142.103,145.907,149.782,153.727,157.743,161.832,165.993,170.228,174.536,178.918,183.375,187.907,192.516,197.2,201.962,206.801,211.717,216.713,221.787,226.94,232.174,237.488,242.882,248.358,253.915,259.555,265.277,271.082,276.971,282.944,289,295.142,301.368,307.68,314.077,320.561,327.132,333.789,340.533,347.365,354.285,361.293,368.39,375.575,,
0.555687,41284.8,57.9762,56.7665,55.7536,54.9128,54.221,53.657,53.2014,52.837,52.5486,52.3231,52.149,52.0166,51.9177,51.8455,51.7943,51.7591,51.7362,51.722,51.7138,51.7092,51.7061,51.7025,51.6967,51.6872,51.6723,51.6507,51.6209,51.5815,51.531,51.4682,51.3917,51.3003,51.1926,51.0676,50.9242,50.7613,50.5783,50.3742,50.1485,49.9007,49.6304,49.3375,49.0219,48.6838,48.3233,47.9408,47.5369,47.1121,46.6673,46.2032,45.7209,45.2212,44.7053,44.1744,43.6296,43.072,42.5031,41.9239,41.3357,40.7398,,57.9762,56.7665,55.7536,54.9128,54.221,53.657,53.2014,52.837,52.5486,52.3231,52.149,52.0166,51.9177,51.8455,51.7943,51.7591,51.7362,51.722,51.7138,51.7092,51.7061,51.7025,51.6967,51.6872,51.6723,51.6507,51.6209,51.5815,51.531,51.4682,51.3917,51.3003,51.1926,51.0676,50.9242,50.7613,50.5783,50.3742,50.1485,49.9007,49.6304,49.3375,49.0219,48.6838,48.3233,47.9408,47.5369,47.1121,46.6673,46.2032,45.7209,45.2212,44.7053,44.1744,43.6296,43.072,42.5031,41.9239,41.3357,40.7398,,0,0,0,0,0,0,0,0,0,0,0,0,0,0,0,0,0,0,0,0,0,0,0,0,0,0,0,0,0,0,0,0,0,0,0,0,0,0,0,0,0,0,0,0,0,0,0,0,0,0,0,0,0,0,0,0,0,0,0,0,,73.9913,76.4794,79.0274,81.636,84.306,87.0381,89.8332,92.6919,95.615,98.6033,101.657,104.778,107.966,111.223,114.548,117.942,121.407,124.943,128.55,132.23,135.982,139.809,143.71,147.685,151.737,155.865,160.07,164.352,168.713,173.153,177.672,182.272,186.952,191.714,196.557,201.483,206.493,211.586,216.763,222.025,227.373,232.806,238.326,243.933,249.628,255.41,261.281,267.241,273.291,279.43,285.66,291.982,298.394,304.898,311.495,318.184,324.967,331.843,338.813,345.878,,75.6893,78.2062,80.783,83.4204,86.1192,88.8802,91.7041,94.5916,97.5434,100.56,103.643,106.793,110.009,113.294,116.647,120.07,123.563,127.127,130.762,134.469,138.249,142.103,146.031,150.034,154.112,158.266,162.498,166.806,171.193,175.658,180.203,184.827,189.532,194.318,199.186,204.135,209.168,214.284,219.484,224.768,230.138,235.593,241.134,246.761,252.476,258.278,264.169,270.148,276.216,282.373,288.621,294.959,301.388,307.908,314.52,321.224,328.021,334.911,341.894,348.971,,
0.555687,67653.3,61.0228,59.7187,58.5961,57.634,56.8134,56.1165,55.5274,55.0316,54.6158,54.2685,53.979,53.7381,53.5374,53.3695,53.228,53.1071,53.0015,52.9068,52.819,52.7344,52.6499,52.5626,52.47,52.3699,52.2603,52.1393,52.0055,51.8574,51.694,51.5142,51.3172,51.1024,50.8692,50.6172,50.3463,50.0563,49.7473,49.4195,49.073,48.7082,48.3257,47.9258,47.5093,47.0769,46.6291,46.1669,45.6911,45.2026,44.7022,44.1908,43.6694,43.1389,42.6002,42.0544,41.5022,40.9446,40.3824,39.8166,39.248,38.6773,,61.0228,59.7187,58.5961,57.634,56.8134,56.1165,55.5274,55.0316,54.6158,54.2685,53.979,53.7381,53.5374,53.3695,53.228,53.1071,53.0015,52.9068,52.819,52.7344,52.6499,52.5626,52.47,52.3699,52.2603,52.1393,52.0055,51.8574,51.694,51.5142,51.3172,51.1024,50.8692,50.6172,50.3463,50.0563,49.7473,49.4195,49.073,48.7082,48.3257,47.9258,47.5093,47.0769,46.6291,46.1669,45.6911,45.2026,44.7022,44.1908,43.6694,43.1389,42.6002,42.0544,41.5022,40.9446,40.3824,39.8166,39.248,38.6773,,0,0,0,0,0,0,0,0,0,0,0,0,0,0,0,0,0,0,0,0,0,0,0,0,0,0,0,0,0,0,0,0,0,0,0,0,0,0,0,0,0,0,0,0,0,0,0,0,0,0,0,0,0,0,0,0,0,0,0,0,,73.9913,76.4794,79.0274,81.636,84.306,87.0381,89.8332,92.6919,95.615,98.6033,101.657,104.778,107.966,111.223,114.548,117.942,121.407,124.943,128.55,132.23,135.982,139.809,143.71,147.685,151.737,155.865,160.07,164.352,168.713,173.153,177.672,182.272,186.952,191.714,196.557,201.483,206.493,211.586,216.763,222.025,227.373,232.806,238.326,243.933,249.628,255.41,261.281,267.241,273.291,279.43,285.66,291.982,298.394,304.898,311.495,318.184,324.967,331.843,338.813,345.878,,74.1129,76.603,79.1531,81.7637,84.4358,87.17,89.9671,92.8279,95.753,98.7434,101.8,104.922,108.113,111.371,114.698,118.095,121.561,125.099,128.708,132.39,136.145,139.973,143.876,147.854,151.907,156.037,160.244,164.528,168.891,173.332,177.853,182.455,187.137,191.9,196.745,201.673,206.684,211.779,216.958,222.222,227.571,233.006,238.527,244.136,249.831,255.615,261.488,267.449,273.5,279.641,285.872,292.195,298.608,305.114,311.712,318.402,325.186,332.063,339.034,346.099,,
0.555687,98371.1,64.2109,62.8166,61.5942,60.5247,59.5904,58.7754,58.0649,57.4454,56.9048,56.4318,56.0166,55.6499,55.3237,55.0306,54.7641,54.5181,54.2876,54.0677,53.8545,53.6441,53.4335,53.2199,53.0007,52.774,52.5379,52.291,52.032,51.76,51.4742,51.174,50.859,50.5289,50.1838,49.8237,49.4486,49.059,48.6551,48.2375,47.8065,47.3629,46.9072,46.4401,45.9623,45.4745,44.9775,44.4721,43.9589,43.4389,42.9127,42.3811,41.8448,41.3047,40.7613,40.2154,39.6677,39.1188,38.5694,38.0199,37.4711,36.9235,,64.2109,62.8166,61.5942,60.5247,59.5904,58.7754,58.0649,57.4454,56.9048,56.4318,56.0166,55.6499,55.3237,55.0306,54.7641,54.5181,54.2876,54.0677,53.8545,53.6441,53.4335,53.2199,53.0007,52.774,52.5379,52.291,52.032,51.76,51.4742,51.174,50.859,50.5289,50.1838,49.8237,49.4486,49.059,48.6551,48.2375,47.8065,47.3629,46.9072,46.4401,45.9623,45.4745,44.9775,44.4721,43.9589,43.4389,42.9127,42.3811,41.8448,41.3047,40.7613,40.2154,39.6677,39.1188,38.5694,38.0199,37.4711,36.9235,,0,0,0,0,0,0,0,0,0,0,0,0,0,0,0,0,0,0,0,0,0,0,0,0,0,0,0,0,0,0,0,0,0,0,0,0,0,0,0,0,0,0,0,0,0,0,0,0,0,0,0,0,0,0,0,0,0,0,0,0,,73.9913,76.4794,79.0274,81.636,84.306,87.0381,89.8332,92.6919,95.615,98.6033,101.657,104.778,107.966,111.223,114.548,117.942,121.407,124.943,128.55,132.23,135.982,139.809,143.71,147.685,151.737,155.865,160.07,164.352,168.713,173.153,177.672,182.272,186.952,191.714,196.557,201.483,206.493,211.586,216.763,222.025,227.373,232.806,238.326,243.933,249.628,255.41,261.281,267.241,273.291,279.43,285.66,291.982,298.394,304.898,311.495,318.184,324.967,331.843,338.813,345.878,,73.9969,76.4851,79.0332,81.6419,84.312,87.0442,89.8394,92.6982,95.6214,98.6097,101.664,104.785,107.973,111.229,114.555,117.949,121.414,124.95,128.557,132.237,135.99,139.816,143.717,147.693,151.745,155.873,160.078,164.361,168.721,173.161,177.681,182.28,186.961,191.722,196.566,201.492,206.502,211.595,216.772,222.034,227.382,232.815,238.336,243.943,249.637,255.42,261.291,267.251,273.3,279.44,285.67,291.991,298.404,304.908,311.505,318.194,324.977,331.853,338.823,345.888,,
0.555687,134903,67.6315,66.14,64.8096,63.6228,62.5636,61.617,60.7695,60.0085,59.3227,58.7018,58.1363,57.6178,57.1387,56.692,56.2716,55.8722,55.4887,55.1171,54.7534,54.3945,54.0374,53.6799,53.3196,52.955,52.5846,52.2071,51.8217,51.4277,51.0244,50.6117,50.1892,49.7569,49.3148,48.8633,48.4024,47.9325,47.4541,46.9675,46.4733,45.9719,45.4641,44.9502,44.431,43.907,43.3788,42.8471,42.3123,41.7752,41.2363,40.6961,40.1551,39.614,39.0733,38.5333,37.9946,37.4576,36.9228,36.3905,35.8612,35.3351,,67.6315,66.14,64.8096,63.6228,62.5636,61.617,60.7695,60.0085,59.3227,58.7018,58.1363,57.6178,57.1387,56.692,56.2716,55.8722,55.4887,55.1171,54.7534,54.3945,54.0374,53.6799,53.3196,52.955,52.5846,52.2071,51.8217,51.4277,51.0244,50.6117,50.1892,49.7569,49.3148,48.8633,48.4024,47.9325,47.4541,46.9675,46.4733,45.9719,45.4641,44.9502,44.431,43.907,43.3788,42.8471,42.3123,41.7752,41.2363,40.6961,40.1551,39.614,39.0733,38.5333,37.9946,37.4576,36.9228,36.3905,35.8612,35.3351,,0,0,0,0,0,0,0,0,0,0,0,0,0,0,0,0,0,0,0,0,0,0,0,0,0,0,0,0,0,0,0,0,0,0,0,0,0,0,0,0,0,0,0,0,0,0,0,0,0,0,0,0,0,0,0,0,0,0,0,0,,73.9913,76.4794,79.0274,81.636,84.306,87.0381,89.8332,92.6919,95.615,98.6033,101.657,104.778,107.966,111.223,114.548,117.942,121.407,124.943,128.55,132.23,135.982,139.809,143.71,147.685,151.737,155.865,160.07,164.352,168.713,173.153,177.672,182.272,186.952,191.714,196.557,201.483,206.493,211.586,216.763,222.025,227.373,232.806,238.326,243.933,249.628,255.41,261.281,267.241,273.291,279.43,285.66,291.982,298.394,304.898,311.495,318.184,324.967,331.843,338.813,345.878,,73.9914,76.4796,79.0275,81.6361,84.3061,87.0383,89.8333,92.692,95.6151,98.6034,101.658,104.778,107.967,111.223,114.548,117.942,121.407,124.943,128.55,132.23,135.983,139.809,143.71,147.686,151.737,155.865,160.07,164.353,168.713,173.153,177.673,182.272,186.952,191.714,196.558,201.484,206.493,211.586,216.763,222.025,227.373,232.806,238.326,243.933,249.628,255.41,261.281,267.241,273.291,279.431,285.661,291.982,298.394,304.899,311.495,318.185,324.967,331.843,338.813,345.878,,
0.555687,179754,71.2705,69.6723,68.2208,66.9008,65.698,64.5993,63.5927,62.6671,61.8123,61.0193,60.2795,59.5856,58.9307,58.3088,57.7145,57.143,56.59,56.0518,55.5252,55.0073,54.4957,53.9883,53.4833,52.9793,52.475,51.9694,51.4617,50.9514,50.438,49.9212,49.4008,48.8767,48.3491,47.8179,47.2834,46.7458,46.2053,45.6623,45.1172,44.5703,44.0219,43.4725,42.9225,42.3724,41.8224,41.2729,40.7245,40.1775,39.6322,39.0891,38.5484,38.0104,37.4756,36.9443,36.4166,35.8929,35.3734,34.8584,34.348,33.8425,,71.2705,69.6723,68.2208,66.9008,65.698,64.5993,63.5927,62.6671,61.8123,61.0193,60.2795,59.5856,58.9307,58.3088,57.7145,57.143,56.59,56.0518,55.5252,55.0073,54.4957,53.9883,53.4833,52.9793,52.475,51.9694,51.4617,50.9514,50.438,49.9212,49.4008,48.8767,48.3491,47.8179,47.2834,46.7458,46.2053,45.6623,45.1172,44.5703,44.0219,43.4725,42.9225,42.3724,41.8224,41.2729,40.7245,40.1775,39.6322,39.0891,38.5484,38.0104,37.4756,36.9443,36.4166,35.8929,35.3734,34.8584,34.348,33.8425,,0,0,0,0,0,0,0,0,0,0,0,0,0,0,0,0,0,0,0,0,0,0,0,0,0,0,0,0,0,0,0,0,0,0,0,0,0,0,0,0,0,0,0,0,0,0,0,0,0,0,0,0,0,0,0,0,0,0,0,0,,73.9913,76.4794,79.0274,81.636,84.306,87.0381,89.8332,92.6919,95.615,98.6033,101.657,104.778,107.966,111.223,114.548,117.942,121.407,124.943,128.55,132.23,135.982,139.809,143.71,147.685,151.737,155.865,160.07,164.352,168.713,173.153,177.672,182.272,186.952,191.714,196.557,201.483,206.493,211.586,216.763,222.025,227.373,232.806,238.326,243.933,249.628,255.41,261.281,267.241,273.291,279.43,285.66,291.982,298.394,304.898,311.495,318.184,324.967,331.843,338.813,345.878,,73.9913,76.4794,79.0274,81.636,84.306,87.0381,89.8332,92.6919,95.615,98.6033,101.657,104.778,107.966,111.223,114.548,117.942,121.407,124.943,128.55,132.23,135.982,139.809,143.71,147.685,151.737,155.865,160.07,164.352,168.713,173.153,177.672,182.272,186.952,191.714,196.557,201.483,206.493,211.586,216.763,222.025,227.373,232.806,238.326,243.933,249.628,255.41,261.281,267.241,273.291,279.43,285.66,291.982,298.394,304.898,311.495,318.184,324.967,331.843,338.813,345.878,,
0.555687,237591,77.266,72.6421,71.2741,69.9627,68.7109,67.5199,66.3887,65.3154,64.2967,63.3287,62.4071,61.5274,60.6853,59.8766,59.0972,58.3434,57.6119,56.8997,56.2041,55.5228,54.8537,54.1949,53.545,52.9027,52.2668,51.6365,51.0109,50.3895,49.7717,49.1573,48.5459,47.9374,47.3316,46.7286,46.1282,45.5305,44.9357,44.3439,43.7551,43.1695,42.5873,42.0087,41.4339,40.8631,40.2964,39.734,39.1762,38.6231,38.0748,37.5317,36.9937,36.4611,35.934,35.4125,34.8968,34.3869,33.883,33.3852,32.8935,32.408,,74.0611,72.6421,71.2741,69.9627,68.7109,67.5199,66.3887,65.3154,64.2967,63.3287,62.4071,61.5274,60.6853,59.8766,59.0972,58.3434,57.6119,56.8997,56.2041,55.5228,54.8537,54.1949,53.545,52.9027,52.2668,51.6365,51.0109,50.3895,49.7717,49.1573,48.5459,47.9374,47.3316,46.7286,46.1282,45.5305,44.9357,44.3439,43.7551,43.1695,42.5873,42.0087,41.4339,40.8631,40.2964,39.734,39.1762,38.6231,38.0748,37.5317,36.9937,36.4611,35.934,35.4125,34.8968,34.3869,33.883,33.3852,32.8935,32.408,,3.20486,0,0,0,0,0,0,0,0,0,0,0,0,0,0,0,0,0,0,0,0,0,0,0,0,0,0,0,0,0,0,0,0,0,0,0,0,0,0,0,0,0,0,0,0,0,0,0,0,0,0,0,0,0,0,0,0,0,0,0,,74.0497,76.4794,79.0274,81.636,84.306,87.0381,89.8332,92.6919,95.615,98.6033,101.657,104.778,107.966,111.223,114.548,117.942,121.407,124.943,128.55,132.23,135.982,139.809,143.71,147.685,151.737,155.865,160.07,164.352,168.713,173.153,177.672,182.272,186.952,191.714,196.557,201.483,206.493,211.586,216.763,222.025,227.373,232.806,238.326,243.933,249.628,255.41,261.281,267.241,273.291,279.43,285.66,291.982,298.394,304.898,311.495,318.184,324.967,331.843,338.813,345.878,,74.0497,76.4794,79.0274,81.636,84.306,87.0381,89.8332,92.6919,95.615,98.6033,101.657,104.778,107.966,111.223,114.548,117.942,121.407,124.943,128.55,132.23,135.982,139.809,143.71,147.685,151.737,155.865,160.07,164.352,168.713,173.153,177.672,182.272,186.952,191.714,196.557,201.483,206.493,211.586,216.763,222.025,227.373,232.806,238.326,243.933,249.628,255.41,261.281,267.241,273.291,279.43,285.66,291.982,298.394,304.898,311.495,318.184,324.967,331.843,338.813,345.878,,
0.555687,319566,105.585,73.3398,72.1418,70.9758,69.8409,68.7361,67.6603,66.6122,65.5908,64.5947,63.6226,62.6733,61.7455,60.838,59.9497,59.0792,58.2257,57.3881,56.5654,55.7569,54.9616,54.1788,53.408,52.6484,51.8997,51.1613,50.4327,49.7138,49.004,48.3033,47.6113,46.9278,46.2527,45.5859,44.9272,44.2766,43.634,42.9992,42.3724,41.7534,41.1423,40.5389,39.9434,39.3556,38.7755,38.2033,37.6387,37.082,36.5329,35.9916,35.4579,34.9319,34.4136,33.9029,33.3998,32.9043,32.4163,31.9358,31.4627,30.997,,74.5707,73.3398,72.1418,70.9758,69.8409,68.7361,67.6603,66.6122,65.5908,64.5947,63.6226,62.6733,61.7455,60.838,59.9497,59.0792,58.2257,57.3881,56.5654,55.7569,54.9616,54.1788,53.408,52.6484,51.8997,51.1613,50.4327,49.7138,49.004,48.3033,47.6113,46.9278,46.2527,45.5859,44.9272,44.2766,43.634,42.9992,42.3724,41.7534,41.1423,40.5389,39.9434,39.3556,38.7755,38.2033,37.6387,37.082,36.5329,35.9916,35.4579,34.9319,34.4136,33.9029,33.3998,32.9043,32.4163,31.9358,31.4627,30.997,,31.014,0,0,0,0,0,0,0,0,0,0,0,0,0,0,0,0,0,0,0,0,0,0,0,0,0,0,0,0,0,0,0,0,0,0,0,0,0,0,0,0,0,0,0,0,0,0,0,0,0,0,0,0,0,0,0,0,0,0,0,,74.5528,76.4794,79.0274,81.636,84.306,87.0381,89.8332,92.6919,95.615,98.6033,101.657,104.778,107.966,111.223,114.548,117.942,121.407,124.943,128.55,132.23,135.982,139.809,143.71,147.685,151.737,155.865,160.07,164.352,168.713,173.153,177.672,182.272,186.952,191.714,196.557,201.483,206.493,211.586,216.763,222.025,227.373,232.806,238.326,243.933,249.628,255.41,261.281,267.241,273.291,279.43,285.66,291.982,298.394,304.898,311.495,318.184,324.967,331.843,338.813,345.878,,74.5528,76.4794,79.0274,81.636,84.306,87.0381,89.8332,92.6919,95.615,98.6033,101.657,104.778,107.966,111.223,114.548,117.942,121.407,124.943,128.55,132.23,135.982,139.809,143.71,147.685,151.737,155.865,160.07,164.352,168.713,173.153,177.672,182.272,186.952,191.714,196.557,201.483,206.493,211.586,216.763,222.025,227.373,232.806,238.326,243.933,249.628,255.41,261.281,267.241,273.291,279.43,285.66,291.982,298.394,304.898,311.495,318.184,324.967,331.843,338.813,345.878,,
0.555687,439355,151.882,74.0973,72.8493,71.6325,70.4448,69.2846,68.1503,67.0405,65.9541,64.8898,63.8467,62.8239,61.8204,60.8355,59.8686,58.9189,57.986,57.0692,56.1682,55.2825,54.4116,53.5552,52.7131,51.8847,51.07,50.2686,49.4802,48.7047,47.9418,47.1913,46.4531,45.727,45.0127,44.3101,43.6191,42.9395,42.2712,41.6139,40.9677,40.3323,39.7075,39.0933,38.4896,37.8961,37.3128,36.7395,36.1761,35.6224,35.0783,34.5438,34.0186,33.5025,32.9956,32.4977,32.0085,31.528,31.0561,30.5926,30.1374,29.6904,,75.3784,74.0973,72.8493,71.6325,70.4448,69.2846,68.1503,67.0405,65.9541,64.8898,63.8467,62.8239,61.8204,60.8355,59.8686,58.9189,57.986,57.0692,56.1682,55.2825,54.4116,53.5552,52.7131,51.8847,51.07,50.2686,49.4802,48.7047,47.9418,47.1913,46.4531,45.727,45.0127,44.3101,43.6191,42.9395,42.2712,41.6139,40.9677,40.3323,39.7075,39.0933,38.4896,37.8961,37.3128,36.7395,36.1761,35.6224,35.0783,34.5438,34.0186,33.5025,32.9956,32.4977,32.0085,31.528,31.0561,30.5926,30.1374,29.6904,,76.5038,0,0,0,0,0,0,0,0,0,0,0,0,0,0,0,0,0,0,0,0,0,0,0,0,0,0,0,0,0,0,0,0,0,0,0,0,0,0,0,0,0,0,0,0,0,0,0,0,0,0,0,0,0,0,0,0,0,0,0,,75.3617,76.4794,79.0274,81.636,84.306,87.0381,89.8332,92.6919,95.615,98.6033,101.657,104.778,107.966,111.223,114.548,117.942,121.407,124.943,128.55,132.23,135.982,139.809,143.71,147.685,151.737,155.865,160.07,164.352,168.713,173.153,177.672,182.272,186.952,191.714,196.557,201.483,206.493,211.586,216.763,222.025,227.373,232.806,238.326,243.933,249.628,255.41,261.281,267.241,273.291,279.43,285.66,291.982,298.394,304.898,311.495,318.184,324.967,331.843,338.813,345.878,,75.3617,76.4794,79.0274,81.636,84.306,87.0381,89.8332,92.6919,95.615,98.6033,101.657,104.778,107.966,111.223,114.548,117.942,121.407,124.943,128.55,132.23,135.982,139.809,143.71,147.685,151.737,155.865,160.07,164.352,168.713,173.153,177.672,182.272,186.952,191.714,196.557,201.483,206.493,211.586,216.763,222.025,227.373,232.806,238.326,243.933,249.628,255.41,261.281,267.241,273.291,279.43,285.66,291.982,298.394,304.898,311.495,318.184,324.967,331.843,338.813,345.878,,
0.555687,589355,201.361,74.8104,73.4391,72.1042,70.8036,69.5354,68.2977,67.0892,65.9084,64.754,63.625,62.5202,61.4388,60.3799,59.3428,58.3267,57.3311,56.3553,55.3987,54.4609,53.5414,52.6398,51.7556,50.8884,50.0379,49.2037,48.3855,47.583,46.7958,46.0236,45.2662,44.5233,43.7945,43.0797,42.3786,41.6909,41.0164,40.3548,39.7059,39.0694,38.4452,37.833,37.2325,36.6436,36.0661,35.4996,34.9441,34.3992,33.8649,33.3409,32.8269,32.3229,31.8286,31.3438,30.8683,30.402,29.9446,29.496,29.056,28.6245,,76.2206,74.8104,73.4391,72.1042,70.8036,69.5354,68.2977,67.0892,65.9084,64.754,63.625,62.5202,61.4388,60.3799,59.3428,58.3267,57.3311,56.3553,55.3987,54.4609,53.5414,52.6398,51.7556,50.8884,50.0379,49.2037,48.3855,47.583,46.7958,46.0236,45.2662,44.5233,43.7945,43.0797,42.3786,41.6909,41.0164,40.3548,39.7059,39.0694,38.4452,37.833,37.2325,36.6436,36.0661,35.4996,34.9441,34.3992,33.8649,33.3409,32.8269,32.3229,31.8286,31.3438,30.8683,30.402,29.9446,29.496,29.056,28.6245,,125.14,0,0,0,0,0,0,0,0,0,0,0,0,0,0,0,0,0,0,0,0,0,0,0,0,0,0,0,0,0,0,0,0,0,0,0,0,0,0,0,0,0,0,0,0,0,0,0,0,0,0,0,0,0,0,0,0,0,0,0,,76.2075,76.4794,79.0274,81.636,84.306,87.0381,89.8332,92.6919,95.615,98.6033,101.657,104.778,107.966,111.223,114.548,117.942,121.407,124.943,128.55,132.23,135.982,139.809,143.71,147.685,151.737,155.865,160.07,164.352,168.713,173.153,177.672,182.272,186.952,191.714,196.557,201.483,206.493,211.586,216.763,222.025,227.373,232.806,238.326,243.933,249.628,255.41,261.281,267.241,273.291,279.43,285.66,291.982,298.394,304.898,311.495,318.184,324.967,331.843,338.813,345.878,,76.2075,76.4794,79.0274,81.636,84.306,87.0381,89.8332,92.6919,95.615,98.6033,101.657,104.778,107.966,111.223,114.548,117.942,121.407,124.943,128.55,132.23,135.982,139.809,143.71,147.685,151.737,155.865,160.07,164.352,168.713,173.153,177.672,182.272,186.952,191.714,196.557,201.483,206.493,211.586,216.763,222.025,227.373,232.806,238.326,243.933,249.628,255.41,261.281,267.241,273.291,279.43,285.66,291.982,298.394,304.898,311.495,318.184,324.967,331.843,338.813,345.878,,
0.555687,606518,206.278,74.8788,73.494,72.1462,70.8333,69.5534,68.3048,67.0859,65.8952,64.7315,63.5937,62.4808,61.3917,60.3256,59.2818,58.2595,57.258,56.2768,55.3153,54.3729,53.4492,52.5437,51.656,50.7857,49.9323,49.0955,48.2751,47.4705,46.6815,45.9078,45.1491,44.4051,43.6755,42.9601,42.2584,41.5704,40.8957,40.2341,39.5853,38.9491,38.3253,37.7135,37.1136,36.5254,35.9486,35.383,34.8284,34.2846,33.7513,33.2284,32.7157,32.2128,31.7198,31.2363,30.7621,30.2972,29.8412,29.394,28.9555,28.5254,,76.3032,74.8788,73.494,72.1462,70.8333,69.5534,68.3048,67.0859,65.8952,64.7315,63.5937,62.4808,61.3917,60.3256,59.2818,58.2595,57.258,56.2768,55.3153,54.3729,53.4492,52.5437,51.656,50.7857,49.9323,49.0955,48.2751,47.4705,46.6815,45.9078,45.1491,44.4051,43.6755,42.9601,42.2584,41.5704,40.8957,40.2341,39.5853,38.9491,38.3253,37.7135,37.1136,36.5254,35.9486,35.383,34.8284,34.2846,33.7513,33.2284,32.7157,32.2128,31.7198,31.2363,30.7621,30.2972,29.8412,29.394,28.9555,28.5254,,129.975,0,0,0,0,0,0,0,0,0,0,0,0,0,0,0,0,0,0,0,0,0,0,0,0,0,0,0,0,0,0,0,0,0,0,0,0,0,0,0,0,0,0,0,0,0,0,0,0,0,0,0,0,0,0,0,0,0,0,0,,76.2906,76.4794,79.0274,81.636,84.306,87.0381,89.8332,92.6919,95.615,98.6033,101.657,104.778,107.966,111.223,114.548,117.942,121.407,124.943,128.55,132.23,135.982,139.809,143.71,147.685,151.737,155.865,160.07,164.352,168.713,173.153,177.672,182.272,186.952,191.714,196.557,201.483,206.493,211.586,216.763,222.025,227.373,232.806,238.326,243.933,249.628,255.41,261.281,267.241,273.291,279.43,285.66,291.982,298.394,304.898,311.495,318.184,324.967,331.843,338.813,345.878,,76.2906,76.4794,79.0274,81.636,84.306,87.0381,89.8332,92.6919,95.615,98.6033,101.657,104.778,107.966,111.223,114.548,117.942,121.407,124.943,128.55,132.23,135.982,139.809,143.71,147.685,151.737,155.865,160.07,164.352,168.713,173.153,177.672,182.272,186.952,191.714,196.557,201.483,206.493,211.586,216.763,222.025,227.373,232.806,238.326,243.933,249.628,255.41,261.281,267.241,273.291,279.43,285.66,291.982,298.394,304.898,311.495,318.184,324.967,331.843,338.813,345.878,,
0.555687,756518,243.353,75.3856,73.8958,72.4483,71.0409,69.6715,68.3382,67.0395,65.7738,64.5397,63.3358,62.161,61.0143,59.8945,58.8008,57.7322,56.6881,55.6675,54.6698,53.6943,52.7404,51.8075,50.895,50.0024,49.1291,48.2746,47.4386,46.6204,45.8198,45.0361,44.2692,43.5185,42.7837,42.0644,41.3602,40.6708,39.9959,39.3351,38.6881,38.0546,37.4343,36.8269,36.2321,35.6496,35.0791,34.5203,33.9731,33.4371,32.9121,32.3978,31.894,31.4005,30.917,30.4433,29.9792,29.5245,29.0789,28.6422,28.2143,27.795,,76.9201,75.3856,73.8958,72.4483,71.0409,69.6715,68.3382,67.0395,65.7738,64.5397,63.3358,62.161,61.0143,59.8945,58.8008,57.7322,56.6881,55.6675,54.6698,53.6943,52.7404,51.8075,50.895,50.0024,49.1291,48.2746,47.4386,46.6204,45.8198,45.0361,44.2692,43.5185,42.7837,42.0644,41.3602,40.6708,39.9959,39.3351,38.6881,38.0546,37.4343,36.8269,36.2321,35.6496,35.0791,34.5203,33.9731,33.4371,32.9121,32.3978,31.894,31.4005,30.917,30.4433,29.9792,29.5245,29.0789,28.6422,28.2143,27.795,,166.432,0,0,0,0,0,0,0,0,0,0,0,0,0,0,0,0,0,0,0,0,0,0,0,0,0,0,0,0,0,0,0,0,0,0,0,0,0,0,0,0,0,0,0,0,0,0,0,0,0,0,0,0,0,0,0,0,0,0,0,,76.9106,76.4794,79.0274,81.636,84.306,87.0381,89.8332,92.6919,95.615,98.6033,101.657,104.778,107.966,111.223,114.548,117.942,121.407,124.943,128.55,132.23,135.982,139.809,143.71,147.685,151.737,155.865,160.07,164.352,168.713,173.153,177.672,182.272,186.952,191.714,196.557,201.483,206.493,211.586,216.763,222.025,227.373,232.806,238.326,243.933,249.628,255.41,261.281,267.241,273.291,279.43,285.66,291.982,298.394,304.898,311.495,318.184,324.967,331.843,338.813,345.878,,76.9106,76.4794,79.0274,81.636,84.306,87.0381,89.8332,92.6919,95.615,98.6033,101.657,104.778,107.966,111.223,114.548,117.942,121.407,124.943,128.55,132.23,135.982,139.809,143.71,147.685,151.737,155.865,160.07,164.352,168.713,173.153,177.672,182.272,186.952,191.714,196.557,201.483,206.493,211.586,216.763,222.025,227.373,232.806,238.326,243.933,249.628,255.41,261.281,267.241,273.291,279.43,285.66,291.982,298.394,304.898,311.495,318.184,324.967,331.843,338.813,345.878,,
0.555687,860791,263.705,75.6583,74.11,72.6069,71.1468,69.7277,68.3476,67.0048,65.6976,64.4247,63.1846,61.976,60.7978,59.6489,58.5281,57.4347,56.3676,55.3259,54.309,53.316,52.3462,51.3989,50.4735,49.5693,48.6857,47.8222,46.9783,46.1533,45.3469,44.5585,43.7876,43.0338,42.2966,41.5757,40.8706,40.181,39.5064,38.8464,38.2008,37.5691,36.951,36.3462,35.7544,35.1752,34.6084,34.0536,33.5105,32.979,32.4586,31.9491,31.4503,30.9619,30.4836,30.0153,29.5567,29.1075,28.6675,28.2366,27.8144,27.4009,,77.2543,75.6583,74.11,72.6069,71.1468,69.7277,68.3476,67.0048,65.6976,64.4247,63.1846,61.976,60.7978,59.6489,58.5281,57.4347,56.3676,55.3259,54.309,53.316,52.3462,51.3989,50.4735,49.5693,48.6857,47.8222,46.9783,46.1533,45.3469,44.5585,43.7876,43.0338,42.2966,41.5757,40.8706,40.181,39.5064,38.8464,38.2008,37.5691,36.951,36.3462,35.7544,35.1752,34.6084,34.0536,33.5105,32.979,32.4586,31.9491,31.4503,30.9619,30.4836,30.0153,29.5567,29.1075,28.6675,28.2366,27.8144,27.4009,,186.451,0,0,0,0,0,0,0,0,0,0,0,0,0,0,0,0,0,0,0,0,0,0,0,0,0,0,0,0,0,0,0,0,0,0,0,0,0,0,0,0,0,0,0,0,0,0,0,0,0,0,0,0,0,0,0,0,0,0,0,,77.2465,76.4794,79.0274,81.636,84.306,87.0381,89.8332,92.6919,95.615,98.6033,101.657,104.778,107.966,111.223,114.548,117.942,121.407,124.943,128.55,132.23,135.982,139.809,143.71,147.685,151.737,155.865,160.07,164.352,168.713,173.153,177.672,182.272,186.952,191.714,196.557,201.483,206.493,211.586,216.763,222.025,227.373,232.806,238.326,243.933,249.628,255.41,261.281,267.241,273.291,279.43,285.66,291.982,298.394,304.898,311.495,318.184,324.967,331.843,338.813,345.878,,77.2465,76.4794,79.0274,81.636,84.306,87.0381,89.8332,92.6919,95.615,98.6033,101.657,104.778,107.966,111.223,114.548,117.942,121.407,124.943,128.55,132.23,135.982,139.809,143.71,147.685,151.737,155.865,160.07,164.352,168.713,173.153,177.672,182.272,186.952,191.714,196.557,201.483,206.493,211.586,216.763,222.025,227.373,232.806,238.326,243.933,249.628,255.41,261.281,267.241,273.291,279.43,285.66,291.982,298.394,304.898,311.495,318.184,324.967,331.843,338.813,345.878,,
0.555687,1e+06,285.385,75.9452,74.3344,72.7721,71.2559,69.7837,68.3537,66.9639,65.6127,64.2985,63.0199,61.7755,60.564,59.3842,58.2349,57.1151,56.0238,54.96,53.9228,52.9113,51.9248,50.9625,50.0235,49.1072,48.213,47.3402,46.488,45.6561,44.8437,44.0503,43.2754,42.5185,41.779,41.0566,40.3507,39.6608,38.9867,38.3277,37.6836,37.054,36.4384,35.8365,35.248,34.6724,34.1095,33.5589,33.0203,32.4935,31.978,31.4737,30.9802,30.4972,30.0246,29.562,29.1092,28.6659,28.2319,27.807,27.391,26.9836,,77.6068,75.9452,74.3344,72.7721,71.2559,69.7837,68.3537,66.9639,65.6127,64.2985,63.0199,61.7755,60.564,59.3842,58.2349,57.1151,56.0238,54.96,53.9228,52.9113,51.9248,50.9625,50.0235,49.1072,48.213,47.3402,46.488,45.6561,44.8437,44.0503,43.2754,42.5185,41.779,41.0566,40.3507,39.6608,38.9867,38.3277,37.6836,37.054,36.4384,35.8365,35.248,34.6724,34.1095,33.5589,33.0203,32.4935,31.978,31.4737,30.9802,30.4972,30.0246,29.562,29.1092,28.6659,28.2319,27.807,27.391,26.9836,,207.778,0,0,0,0,0,0,0,0,0,0,0,0,0,0,0,0,0,0,0,0,0,0,0,0,0,0,0,0,0,0,0,0,0,0,0,0,0,0,0,0,0,0,0,0,0,0,0,0,0,0,0,0,0,0,0,0,0,0,0,,77.6008,76.4794,79.0274,81.636,84.306,87.0381,89.8332,92.6919,95.615,98.6033,101.657,104.778,107.966,111.223,114.548,117.942,121.407,124.943,128.55,132.23,135.982,139.809,143.71,147.685,151.737,155.865,160.07,164.352,168.713,173.153,177.672,182.272,186.952,191.714,196.557,201.483,206.493,211.586,216.763,222.025,227.373,232.806,238.326,243.933,249.628,255.41,261.281,267.241,273.291,279.43,285.66,291.982,298.394,304.898,311.495,318.184,324.967,331.843,338.813,345.878,,77.6008,76.4794,79.0274,81.636,84.306,87.0381,89.8332,92.6919,95.615,98.6033,101.657,104.778,107.966,111.223,114.548,117.942,121.407,124.943,128.55,132.23,135.982,139.809,143.71,147.685,151.737,155.865,160.07,164.352,168.713,173.153,177.672,182.272,186.952,191.714,196.557,201.483,206.493,211.586,216.763,222.025,227.373,232.806,238.326,243.933,249.628,255.41,261.281,267.241,273.291,279.43,285.66,291.982,298.394,304.898,311.495,318.184,324.967,331.843,338.813,345.878,,
0.555687,1e+06,285.385,75.9452,74.3344,72.7721,71.2559,69.7837,68.3537,66.9639,65.6127,64.2985,63.0199,61.7755,60.564,59.3842,58.2349,57.1151,56.0238,54.96,53.9228,52.9113,51.9248,50.9624,50.0235,49.1072,48.213,47.3401,46.488,45.6561,44.8437,44.0503,43.2754,42.5185,41.779,41.0566,40.3507,39.6608,38.9867,38.3277,37.6836,37.054,36.4384,35.8365,35.248,34.6724,34.1095,33.5589,33.0203,32.4935,31.978,31.4737,30.9802,30.4972,30.0246,29.562,29.1092,28.6659,28.2319,27.807,27.391,26.9836,,77.6068,75.9452,74.3344,72.7721,71.2559,69.7837,68.3537,66.9639,65.6127,64.2985,63.0199,61.7755,60.564,59.3842,58.2349,57.1151,56.0238,54.96,53.9228,52.9113,51.9248,50.9624,50.0235,49.1072,48.213,47.3401,46.488,45.6561,44.8437,44.0503,43.2754,42.5185,41.779,41.0566,40.3507,39.6608,38.9867,38.3277,37.6836,37.054,36.4384,35.8365,35.248,34.6724,34.1095,33.5589,33.0203,32.4935,31.978,31.4737,30.9802,30.4972,30.0246,29.562,29.1092,28.6659,28.2319,27.807,27.391,26.9836,,207.778,0,0,0,0,0,0,0,0,0,0,0,0,0,0,0,0,0,0,0,0,0,0,0,0,0,0,0,0,0,0,0,0,0,0,0,0,0,0,0,0,0,0,0,0,0,0,0,0,0,0,0,0,0,0,0,0,0,0,0,,77.6008,76.4794,79.0274,81.636,84.306,87.0381,89.8332,92.6919,95.615,98.6033,101.657,104.778,107.966,111.223,114.548,117.942,121.407,124.943,128.55,132.23,135.982,139.809,143.71,147.685,151.737,155.865,160.07,164.352,168.713,173.153,177.672,182.272,186.952,191.714,196.557,201.483,206.493,211.586,216.763,222.025,227.373,232.806,238.326,243.933,249.628,255.41,261.281,267.241,273.291,279.43,285.66,291.982,298.394,304.898,311.495,318.184,324.967,331.843,338.813,345.878,,77.6008,76.4794,79.0274,81.636,84.306,87.0381,89.8332,92.6919,95.615,98.6033,101.657,104.778,107.966,111.223,114.548,117.942,121.407,124.943,128.55,132.23,135.982,139.809,143.71,147.685,151.737,155.865,160.07,164.352,168.713,173.153,177.672,182.272,186.952,191.714,196.557,201.483,206.493,211.586,216.763,222.025,227.373,232.806,238.326,243.933,249.628,255.41,261.281,267.241,273.291,279.43,285.66,291.982,298.394,304.898,311.495,318.184,324.967,331.843,338.813,345.878,,
